pic_url,name,description,product_Category,sub_Category,price
http://cdn.dick-blick.com/items/501/19/50119-1005-0-2ww-m.jpg,Alvin Opal Drafting Table,"Lorem ipsum dolor sit amet, eu has falli laudem lucilius, sea no offendit quaerendum. Viris consul tibique at vis, te sit fabulas scaevola. Vel ut scribentur disputando theophrastus, pro ex odio convenire torquatos, vis at harum salutandi voluptaria. Ne vel facete legimus dolores, magna indoctum periculis ut nec.",Supplies & Tools,Furniture,9.99
http://cdn.dick-blick.com/items/500/43/50043-OA3ww-l.jpg,Alvin Spacesaver Adjustable-Height Stool,"Lorem ipsum dolor sit amet, eu has falli laudem lucilius, sea no offendit quaerendum. Viris consul tibique at vis, te sit fabulas scaevola. Vel ut scribentur disputando theophrastus, pro ex odio convenire torquatos, vis at harum salutandi voluptaria. Ne vel facete legimus dolores, magna indoctum periculis ut nec.",Supplies & Tools,Furniture,9.99
http://cdn.dick-blick.com/items/210/02/21002-1000-2ww-m.jpg,"Alvin Vinyl Eraser
","Lorem ipsum dolor sit amet, eu has falli laudem lucilius, sea no offendit quaerendum. Viris consul tibique at vis, te sit fabulas scaevola. Vel ut scribentur disputando theophrastus, pro ex odio convenire torquatos, vis at harum salutandi voluptaria. Ne vel facete legimus dolores, magna indoctum periculis ut nec.",Supplies & Tools,Eraser,9.99
http://cdn.dick-blick.com/items/515/93/51593-0000-2ww-m.jpg,American Easel Lyre,"Lorem ipsum dolor sit amet, eu has falli laudem lucilius, sea no offendit quaerendum. Viris consul tibique at vis, te sit fabulas scaevola. Vel ut scribentur disputando theophrastus, pro ex odio convenire torquatos, vis at harum salutandi voluptaria. Ne vel facete legimus dolores, magna indoctum periculis ut nec.",Supplies & Tools,Furniture,9.99
http://cdn.dick-blick.com/items/225/18/22518-1008-1-2ww-m.jpg,Bic Velocity Bold Ball Pen,"Lorem ipsum dolor sit amet, eu has falli laudem lucilius, sea no offendit quaerendum. Viris consul tibique at vis, te sit fabulas scaevola. Vel ut scribentur disputando theophrastus, pro ex odio convenire torquatos, vis at harum salutandi voluptaria. Ne vel facete legimus dolores, magna indoctum periculis ut nec.",Writing & Sketching,Pens,9.99
http://cdn.dick-blick.com/items/058/37/05837-0059-2-2ww-m.jpg,Blick Academic Sable Brushes,"Lorem ipsum dolor sit amet, eu has falli laudem lucilius, sea no offendit quaerendum. Viris consul tibique at vis, te sit fabulas scaevola. Vel ut scribentur disputando theophrastus, pro ex odio convenire torquatos, vis at harum salutandi voluptaria. Ne vel facete legimus dolores, magna indoctum periculis ut nec.",Painting,Brushes,9.99
http://cdn.dick-blick.com/items/554/30/55430-1012-1-2ww-m.jpg,Blick Aluminum Rulers,"Lorem ipsum dolor sit amet, eu has falli laudem lucilius, sea no offendit quaerendum. Viris consul tibique at vis, te sit fabulas scaevola. Vel ut scribentur disputando theophrastus, pro ex odio convenire torquatos, vis at harum salutandi voluptaria. Ne vel facete legimus dolores, magna indoctum periculis ut nec.",Supplies & Tools,,9.99
http://cdn.dick-blick.com/items/006/24/00624-0129-0129-2ww-m.jpg,Blick Artists' Acrylic,"Lorem ipsum dolor sit amet, eu has falli laudem lucilius, sea no offendit quaerendum. Viris consul tibique at vis, te sit fabulas scaevola. Vel ut scribentur disputando theophrastus, pro ex odio convenire torquatos, vis at harum salutandi voluptaria. Ne vel facete legimus dolores, magna indoctum periculis ut nec.",Painting,Acrylic Paint,9.99
http://cdn.dick-blick.com/items/107/28/10728-1025-2ww-m.jpg,Blick Charcoal Paper,"Lorem ipsum dolor sit amet, eu has falli laudem lucilius, sea no offendit quaerendum. Viris consul tibique at vis, te sit fabulas scaevola. Vel ut scribentur disputando theophrastus, pro ex odio convenire torquatos, vis at harum salutandi voluptaria. Ne vel facete legimus dolores, magna indoctum periculis ut nec.",Writing & Sketching,Paper,9.99
http://cdn.dick-blick.com/items/114/09/11409-1003-2ww-m.jpg,Blick Construction Paper,"Lorem ipsum dolor sit amet, eu has falli laudem lucilius, sea no offendit quaerendum. Viris consul tibique at vis, te sit fabulas scaevola. Vel ut scribentur disputando theophrastus, pro ex odio convenire torquatos, vis at harum salutandi voluptaria. Ne vel facete legimus dolores, magna indoctum periculis ut nec.",Writing & Sketching,Paper,9.99
http://cdn.dick-blick.com/items/051/74/05174-0049-1-2ww-m.jpg,"Blick Economy Black Bristle Brush Set
","Lorem ipsum dolor sit amet, eu has falli laudem lucilius, sea no offendit quaerendum. Viris consul tibique at vis, te sit fabulas scaevola. Vel ut scribentur disputando theophrastus, pro ex odio convenire torquatos, vis at harum salutandi voluptaria. Ne vel facete legimus dolores, magna indoctum periculis ut nec.",Painting,Brushes,9.99
http://cdn.dick-blick.com/items/007/27/00727-group2ww-m.jpg,Blick Matte Acrylics,"Lorem ipsum dolor sit amet, eu has falli laudem lucilius, sea no offendit quaerendum. Viris consul tibique at vis, te sit fabulas scaevola. Vel ut scribentur disputando theophrastus, pro ex odio convenire torquatos, vis at harum salutandi voluptaria. Ne vel facete legimus dolores, magna indoctum periculis ut nec.",Painting,Acrylic Paint,9.99
http://cdn.dick-blick.com/items/000/11/00011-PremiumTempra-2ww-m.jpg,Blick Premium Grade Tempera,"Lorem ipsum dolor sit amet, eu has falli laudem lucilius, sea no offendit quaerendum. Viris consul tibique at vis, te sit fabulas scaevola. Vel ut scribentur disputando theophrastus, pro ex odio convenire torquatos, vis at harum salutandi voluptaria. Ne vel facete legimus dolores, magna indoctum periculis ut nec.",Painting,Painting Tools,9.99
http://cdn.dick-blick.com/items/051/55/05155-group2ww-m.jpg,Blick Scholastic Black Bristle Easel Brush,"Lorem ipsum dolor sit amet, eu has falli laudem lucilius, sea no offendit quaerendum. Viris consul tibique at vis, te sit fabulas scaevola. Vel ut scribentur disputando theophrastus, pro ex odio convenire torquatos, vis at harum salutandi voluptaria. Ne vel facete legimus dolores, magna indoctum periculis ut nec.",Painting,Brushes,9.99
http://cdn.dick-blick.com/items/053/77/05377-group1-2ww-m.jpg,Blick Scholastic Wonder White Brushes,"Lorem ipsum dolor sit amet, eu has falli laudem lucilius, sea no offendit quaerendum. Viris consul tibique at vis, te sit fabulas scaevola. Vel ut scribentur disputando theophrastus, pro ex odio convenire torquatos, vis at harum salutandi voluptaria. Ne vel facete legimus dolores, magna indoctum periculis ut nec.",Painting,Brushes,9.99
http://cdn.dick-blick.com/items/016/37/01637-group1-2ww-m.jpg,Blick Studio Acrylics,"Lorem ipsum dolor sit amet, eu has falli laudem lucilius, sea no offendit quaerendum. Viris consul tibique at vis, te sit fabulas scaevola. Vel ut scribentur disputando theophrastus, pro ex odio convenire torquatos, vis at harum salutandi voluptaria. Ne vel facete legimus dolores, magna indoctum periculis ut nec.",Painting,Acrylic Paint,9.99
http://cdn.dick-blick.com/items/222/20/22220-2009-3-2ww-m.jpg,Blick Studio Drawing Pencils,"Lorem ipsum dolor sit amet, eu has falli laudem lucilius, sea no offendit quaerendum. Viris consul tibique at vis, te sit fabulas scaevola. Vel ut scribentur disputando theophrastus, pro ex odio convenire torquatos, vis at harum salutandi voluptaria. Ne vel facete legimus dolores, magna indoctum periculis ut nec.",Writing & Sketching,Pencils,9.99
http://cdn.dick-blick.com/items/015/57/01557-group-11-2ww-m.jpg,"Blick Studio Oil Colors
","Lorem ipsum dolor sit amet, eu has falli laudem lucilius, sea no offendit quaerendum. Viris consul tibique at vis, te sit fabulas scaevola. Vel ut scribentur disputando theophrastus, pro ex odio convenire torquatos, vis at harum salutandi voluptaria. Ne vel facete legimus dolores, magna indoctum periculis ut nec.",Painting,Oil Paint,9.99
http://cdn.dick-blick.com/items/610/06/61006-8142-2ww-m.jpg,Colored Sand,"Lorem ipsum dolor sit amet, eu has falli laudem lucilius, sea no offendit quaerendum. Viris consul tibique at vis, te sit fabulas scaevola. Vel ut scribentur disputando theophrastus, pro ex odio convenire torquatos, vis at harum salutandi voluptaria. Ne vel facete legimus dolores, magna indoctum periculis ut nec.",Arts & Crafts,,9.99
http://cdn.dick-blick.com/items/200/28/20028-1012-4-2ww-m.jpg,"Crayola Colored Drawing Chalk
","Lorem ipsum dolor sit amet, eu has falli laudem lucilius, sea no offendit quaerendum. Viris consul tibique at vis, te sit fabulas scaevola. Vel ut scribentur disputando theophrastus, pro ex odio convenire torquatos, vis at harum salutandi voluptaria. Ne vel facete legimus dolores, magna indoctum periculis ut nec.",Writing & Sketching,Chalk,9.99
http://cdn.dick-blick.com/items/205/19/20519-1008-5-2ww-m.jpg,"Crayola Colored Pencils
24 pack","Lorem ipsum dolor sit amet, eu has falli laudem lucilius, sea no offendit quaerendum. Viris consul tibique at vis, te sit fabulas scaevola. Vel ut scribentur disputando theophrastus, pro ex odio convenire torquatos, vis at harum salutandi voluptaria. Ne vel facete legimus dolores, magna indoctum periculis ut nec.",Writing & Sketching,Pencils,9.99
http://cdn.dick-blick.com/items/205/19/20519-1008-5-2ww-m.jpg,"Crayola Colored Pencils
100 pack","Lorem ipsum dolor sit amet, eu has falli laudem lucilius, sea no offendit quaerendum. Viris consul tibique at vis, te sit fabulas scaevola. Vel ut scribentur disputando theophrastus, pro ex odio convenire torquatos, vis at harum salutandi voluptaria. Ne vel facete legimus dolores, magna indoctum periculis ut nec.",Writing & Sketching,Pencils,9.99
http://cdn.dick-blick.com/items/201/03/20103-1038-4-2ww-m.jpg,"Crayola Crayons
24 pack","Lorem ipsum dolor sit amet, eu has falli laudem lucilius, sea no offendit quaerendum. Viris consul tibique at vis, te sit fabulas scaevola. Vel ut scribentur disputando theophrastus, pro ex odio convenire torquatos, vis at harum salutandi voluptaria. Ne vel facete legimus dolores, magna indoctum periculis ut nec.",Writing & Sketching,Crayons,9.99
http://cdn.dick-blick.com/items/201/03/20103-1038-4-2ww-m.jpg,Crayola Crayons 120 pack,"Lorem ipsum dolor sit amet, eu has falli laudem lucilius, sea no offendit quaerendum. Viris consul tibique at vis, te sit fabulas scaevola. Vel ut scribentur disputando theophrastus, pro ex odio convenire torquatos, vis at harum salutandi voluptaria. Ne vel facete legimus dolores, magna indoctum periculis ut nec.",Writing & Sketching,Crayons,9.99
http://cdn.dick-blick.com/items/212/18/21218-0109-6-2ww-m.jpg,Crayola Markers,"Lorem ipsum dolor sit amet, eu has falli laudem lucilius, sea no offendit quaerendum. Viris consul tibique at vis, te sit fabulas scaevola. Vel ut scribentur disputando theophrastus, pro ex odio convenire torquatos, vis at harum salutandi voluptaria. Ne vel facete legimus dolores, magna indoctum periculis ut nec.",Writing & Sketching,Markers,9.99
http://cdn.dick-blick.com/items/205/30/20530-0009-3-2ww-m.jpg,"Modern Metallics Colored Pencils
","Lorem ipsum dolor sit amet, eu has falli laudem lucilius, sea no offendit quaerendum. Viris consul tibique at vis, te sit fabulas scaevola. Vel ut scribentur disputando theophrastus, pro ex odio convenire torquatos, vis at harum salutandi voluptaria. Ne vel facete legimus dolores, magna indoctum periculis ut nec.",Writing & Sketching,Pencils,9.99
http://cdn.dick-blick.com/items/003/07/00307-1039-4-2ww-m.jpg,Crayola Washable Watercolor Pan Sets,"Lorem ipsum dolor sit amet, eu has falli laudem lucilius, sea no offendit quaerendum. Viris consul tibique at vis, te sit fabulas scaevola. Vel ut scribentur disputando theophrastus, pro ex odio convenire torquatos, vis at harum salutandi voluptaria. Ne vel facete legimus dolores, magna indoctum periculis ut nec.",Painting,Watercolor Paint,9.99
http://cdn.dick-blick.com/items/118/73/11873-1085-2ww-m.jpg,"Wirebound Sketchbook
","Lorem ipsum dolor sit amet, eu has falli laudem lucilius, sea no offendit quaerendum. Viris consul tibique at vis, te sit fabulas scaevola. Vel ut scribentur disputando theophrastus, pro ex odio convenire torquatos, vis at harum salutandi voluptaria. Ne vel facete legimus dolores, magna indoctum periculis ut nec.",Writing & Sketching,Notebooks,9.99
http://cdn.dick-blick.com/items/132/34/13234-1003-2ww-m.jpg,Elmer's Chalk Foam Board,"Lorem ipsum dolor sit amet, eu has falli laudem lucilius, sea no offendit quaerendum. Viris consul tibique at vis, te sit fabulas scaevola. Vel ut scribentur disputando theophrastus, pro ex odio convenire torquatos, vis at harum salutandi voluptaria. Ne vel facete legimus dolores, magna indoctum periculis ut nec.",Writing & Sketching,Surfaces,9.99
http://cdn.dick-blick.com/items/238/87/23887-group2ww-m.jpg,"Elmer’s Glue All
","Lorem ipsum dolor sit amet, eu has falli laudem lucilius, sea no offendit quaerendum. Viris consul tibique at vis, te sit fabulas scaevola. Vel ut scribentur disputando theophrastus, pro ex odio convenire torquatos, vis at harum salutandi voluptaria. Ne vel facete legimus dolores, magna indoctum periculis ut nec.",Supplies & Tools,Glue,9.99
http://cdn.dick-blick.com/items/238/10/23810-1010-2ww-m.jpg,"Elmer’s Glue Stick
","Lorem ipsum dolor sit amet, eu has falli laudem lucilius, sea no offendit quaerendum. Viris consul tibique at vis, te sit fabulas scaevola. Vel ut scribentur disputando theophrastus, pro ex odio convenire torquatos, vis at harum salutandi voluptaria. Ne vel facete legimus dolores, magna indoctum periculis ut nec.",Supplies & Tools,Glue,9.99
http://cdn.dick-blick.com/items/239/03/23903-1014-2ww-m.jpg,"Elmer’s Rubber Cement
","Lorem ipsum dolor sit amet, eu has falli laudem lucilius, sea no offendit quaerendum. Viris consul tibique at vis, te sit fabulas scaevola. Vel ut scribentur disputando theophrastus, pro ex odio convenire torquatos, vis at harum salutandi voluptaria. Ne vel facete legimus dolores, magna indoctum periculis ut nec.",Supplies & Tools,Glue,9.99
http://cdn.dick-blick.com/items/213/25/21325-1049-2-2ww-m.jpg,Expo Dry Erase Markers,"Lorem ipsum dolor sit amet, eu has falli laudem lucilius, sea no offendit quaerendum. Viris consul tibique at vis, te sit fabulas scaevola. Vel ut scribentur disputando theophrastus, pro ex odio convenire torquatos, vis at harum salutandi voluptaria. Ne vel facete legimus dolores, magna indoctum periculis ut nec.",Writing & Sketching,Markers,9.99
http://cdn.dick-blick.com/items/228/44/22844-1060-2ww-m.jpg,"Expo Dry Erase Markers
","Lorem ipsum dolor sit amet, eu has falli laudem lucilius, sea no offendit quaerendum. Viris consul tibique at vis, te sit fabulas scaevola. Vel ut scribentur disputando theophrastus, pro ex odio convenire torquatos, vis at harum salutandi voluptaria. Ne vel facete legimus dolores, magna indoctum periculis ut nec.",Supplies & Tools,Eraser,9.99
http://cdn.dick-blick.com/items/213/43/21343-single2ww-m.jpg,Expo Vis-à-Vis Projection Marker,"Lorem ipsum dolor sit amet, eu has falli laudem lucilius, sea no offendit quaerendum. Viris consul tibique at vis, te sit fabulas scaevola. Vel ut scribentur disputando theophrastus, pro ex odio convenire torquatos, vis at harum salutandi voluptaria. Ne vel facete legimus dolores, magna indoctum periculis ut nec.",Writing & Sketching,Markers,9.99
http://cdn.dick-blick.com/items/204/50/20450-1009-2ww-m.jpg,Faber-Castell 9000 Pencils,"Lorem ipsum dolor sit amet, eu has falli laudem lucilius, sea no offendit quaerendum. Viris consul tibique at vis, te sit fabulas scaevola. Vel ut scribentur disputando theophrastus, pro ex odio convenire torquatos, vis at harum salutandi voluptaria. Ne vel facete legimus dolores, magna indoctum periculis ut nec.",Writing & Sketching,Pencils,9.99
http://cdn.dick-blick.com/items/205/67/20567-0129-1-2ww-m.jpg,"Faber-Castell Albrecht Dürer Watercolor Pencils
","Lorem ipsum dolor sit amet, eu has falli laudem lucilius, sea no offendit quaerendum. Viris consul tibique at vis, te sit fabulas scaevola. Vel ut scribentur disputando theophrastus, pro ex odio convenire torquatos, vis at harum salutandi voluptaria. Ne vel facete legimus dolores, magna indoctum periculis ut nec.",Painting,Watercolor Paint,9.99
http://cdn.dick-blick.com/items/212/90/21290-0109-4-2ww-m.jpg,"Faber-Castell Grip Colour Marker Pens
","Lorem ipsum dolor sit amet, eu has falli laudem lucilius, sea no offendit quaerendum. Viris consul tibique at vis, te sit fabulas scaevola. Vel ut scribentur disputando theophrastus, pro ex odio convenire torquatos, vis at harum salutandi voluptaria. Ne vel facete legimus dolores, magna indoctum periculis ut nec.",Writing & Sketching,Pens,9.99
http://cdn.dick-blick.com/items/570/12/57012-1008-2ww-m.jpg,Fiskars Bent Right-Handed Scissors,"Lorem ipsum dolor sit amet, eu has falli laudem lucilius, sea no offendit quaerendum. Viris consul tibique at vis, te sit fabulas scaevola. Vel ut scribentur disputando theophrastus, pro ex odio convenire torquatos, vis at harum salutandi voluptaria. Ne vel facete legimus dolores, magna indoctum periculis ut nec.",Supplies & Tools,Cutters,9.99
http://cdn.dick-blick.com/items/570/33/57033-1600-2ww-m.jpg,Fiskars Paper Edgers Scissors,"Lorem ipsum dolor sit amet, eu has falli laudem lucilius, sea no offendit quaerendum. Viris consul tibique at vis, te sit fabulas scaevola. Vel ut scribentur disputando theophrastus, pro ex odio convenire torquatos, vis at harum salutandi voluptaria. Ne vel facete legimus dolores, magna indoctum periculis ut nec.",Supplies & Tools,Cutters,9.99
http://cdn.dick-blick.com/items/576/61/57661-1007-1-2ww-m.jpg,Fiskars Performance Scissors,"Lorem ipsum dolor sit amet, eu has falli laudem lucilius, sea no offendit quaerendum. Viris consul tibique at vis, te sit fabulas scaevola. Vel ut scribentur disputando theophrastus, pro ex odio convenire torquatos, vis at harum salutandi voluptaria. Ne vel facete legimus dolores, magna indoctum periculis ut nec.",Supplies & Tools,Cutters,9.99
http://cdn.dick-blick.com/items/509/83/50983-2126-2ww-m.jpg,Ghent Markerboards,"Lorem ipsum dolor sit amet, eu has falli laudem lucilius, sea no offendit quaerendum. Viris consul tibique at vis, te sit fabulas scaevola. Vel ut scribentur disputando theophrastus, pro ex odio convenire torquatos, vis at harum salutandi voluptaria. Ne vel facete legimus dolores, magna indoctum periculis ut nec.",Supplies & Tools,Surfaces,9.99
http://cdn.dick-blick.com/items/236/29/23629-1002-2-2ww-m.jpg,"Gorilla Glue
","Lorem ipsum dolor sit amet, eu has falli laudem lucilius, sea no offendit quaerendum. Viris consul tibique at vis, te sit fabulas scaevola. Vel ut scribentur disputando theophrastus, pro ex odio convenire torquatos, vis at harum salutandi voluptaria. Ne vel facete legimus dolores, magna indoctum periculis ut nec.",Supplies & Tools,Glue,9.99
http://cdn.dick-blick.com/items/112/04/11204-group2ww-m.jpg,Gummed Art Tape Rolls,"Lorem ipsum dolor sit amet, eu has falli laudem lucilius, sea no offendit quaerendum. Viris consul tibique at vis, te sit fabulas scaevola. Vel ut scribentur disputando theophrastus, pro ex odio convenire torquatos, vis at harum salutandi voluptaria. Ne vel facete legimus dolores, magna indoctum periculis ut nec.",Supplies & Tools,Tape,9.99
http://cdn.dick-blick.com/items/214/55/21455-1001-2-2ww-m.jpg,Helix Pencil Sharpener,"Lorem ipsum dolor sit amet, eu has falli laudem lucilius, sea no offendit quaerendum. Viris consul tibique at vis, te sit fabulas scaevola. Vel ut scribentur disputando theophrastus, pro ex odio convenire torquatos, vis at harum salutandi voluptaria. Ne vel facete legimus dolores, magna indoctum periculis ut nec.",Supplies & Tools,Sharpener,9.99
http://cdn.dick-blick.com/items/129/06/12906-1096-2ww-m.jpg,Hygloss Bright Sheets,"Lorem ipsum dolor sit amet, eu has falli laudem lucilius, sea no offendit quaerendum. Viris consul tibique at vis, te sit fabulas scaevola. Vel ut scribentur disputando theophrastus, pro ex odio convenire torquatos, vis at harum salutandi voluptaria. Ne vel facete legimus dolores, magna indoctum periculis ut nec.",Writing & Sketching,Paper,9.99
http://cdn.dick-blick.com/items/014/12/01412-2021-2-2ww-m.jpg,Krylon Chalkboard Paint,"Lorem ipsum dolor sit amet, eu has falli laudem lucilius, sea no offendit quaerendum. Viris consul tibique at vis, te sit fabulas scaevola. Vel ut scribentur disputando theophrastus, pro ex odio convenire torquatos, vis at harum salutandi voluptaria. Ne vel facete legimus dolores, magna indoctum periculis ut nec.",Painting,Spray Paint,9.99
http://cdn.dick-blick.com/items/014/47/01447-1001-2ww-m.jpg,Krylon Dry Erase,"Lorem ipsum dolor sit amet, eu has falli laudem lucilius, sea no offendit quaerendum. Viris consul tibique at vis, te sit fabulas scaevola. Vel ut scribentur disputando theophrastus, pro ex odio convenire torquatos, vis at harum salutandi voluptaria. Ne vel facete legimus dolores, magna indoctum periculis ut nec.",Painting,Spray Paint,9.99
http://cdn.dick-blick.com/items/014/18/01418-5016-2ww-m.jpg,Krylon Glowz Glow-in-the-Dark Paint,"Lorem ipsum dolor sit amet, eu has falli laudem lucilius, sea no offendit quaerendum. Viris consul tibique at vis, te sit fabulas scaevola. Vel ut scribentur disputando theophrastus, pro ex odio convenire torquatos, vis at harum salutandi voluptaria. Ne vel facete legimus dolores, magna indoctum periculis ut nec.",Painting,Spray Paint,9.99
http://cdn.dick-blick.com/items/014/08/01408-1006-2ww-m.jpg,Krylon Looking Glass Paint,"Lorem ipsum dolor sit amet, eu has falli laudem lucilius, sea no offendit quaerendum. Viris consul tibique at vis, te sit fabulas scaevola. Vel ut scribentur disputando theophrastus, pro ex odio convenire torquatos, vis at harum salutandi voluptaria. Ne vel facete legimus dolores, magna indoctum periculis ut nec.",Painting,Spray Paint,9.99
http://cdn.dick-blick.com/items/014/05/01405-1166-4-2ww-m.jpg,Krylon Spray Paints,"Lorem ipsum dolor sit amet, eu has falli laudem lucilius, sea no offendit quaerendum. Viris consul tibique at vis, te sit fabulas scaevola. Vel ut scribentur disputando theophrastus, pro ex odio convenire torquatos, vis at harum salutandi voluptaria. Ne vel facete legimus dolores, magna indoctum periculis ut nec.",Painting,Spray Paint,9.99
http://cdn.dick-blick.com/items/007/17/00717-6114-2ww-m.jpg,Liquitex Basics Acrylic Colors,"Lorem ipsum dolor sit amet, eu has falli laudem lucilius, sea no offendit quaerendum. Viris consul tibique at vis, te sit fabulas scaevola. Vel ut scribentur disputando theophrastus, pro ex odio convenire torquatos, vis at harum salutandi voluptaria. Ne vel facete legimus dolores, magna indoctum periculis ut nec.",Painting,Acrylic Paint,9.99
http://cdn.dick-blick.com/items/776/69/77669-1001-2ww-m.jpg,"Moleskin Backpack
","Lorem ipsum dolor sit amet, eu has falli laudem lucilius, sea no offendit quaerendum. Viris consul tibique at vis, te sit fabulas scaevola. Vel ut scribentur disputando theophrastus, pro ex odio convenire torquatos, vis at harum salutandi voluptaria. Ne vel facete legimus dolores, magna indoctum periculis ut nec.",Back To School ,,9.99
http://cdn.dick-blick.com/items/118/55/11855-group-9-2ww-m.jpg,Moleskine Cahier Notebooks,"Lorem ipsum dolor sit amet, eu has falli laudem lucilius, sea no offendit quaerendum. Viris consul tibique at vis, te sit fabulas scaevola. Vel ut scribentur disputando theophrastus, pro ex odio convenire torquatos, vis at harum salutandi voluptaria. Ne vel facete legimus dolores, magna indoctum periculis ut nec.",Writing & Sketching,Notebooks,9.99
http://cdn.dick-blick.com/items/118/00/11800-group-4-2ww-m.jpg,"Moleskine Classic Notebooks
","Lorem ipsum dolor sit amet, eu has falli laudem lucilius, sea no offendit quaerendum. Viris consul tibique at vis, te sit fabulas scaevola. Vel ut scribentur disputando theophrastus, pro ex odio convenire torquatos, vis at harum salutandi voluptaria. Ne vel facete legimus dolores, magna indoctum periculis ut nec.",Writing & Sketching,Notebooks,9.99
http://cdn.dick-blick.com/items/573/07/57307-1009-2ww-m.jpg,"Moore Aluminum Push-Pins
","Lorem ipsum dolor sit amet, eu has falli laudem lucilius, sea no offendit quaerendum. Viris consul tibique at vis, te sit fabulas scaevola. Vel ut scribentur disputando theophrastus, pro ex odio convenire torquatos, vis at harum salutandi voluptaria. Ne vel facete legimus dolores, magna indoctum periculis ut nec.",Supplies & Tools,,9.99
http://cdn.dick-blick.com/items/102/51/10251-1012-2ww-m.jpg,Pacon Easel Paper Rolls,"Lorem ipsum dolor sit amet, eu has falli laudem lucilius, sea no offendit quaerendum. Viris consul tibique at vis, te sit fabulas scaevola. Vel ut scribentur disputando theophrastus, pro ex odio convenire torquatos, vis at harum salutandi voluptaria. Ne vel facete legimus dolores, magna indoctum periculis ut nec.",Painting,Painting Tools,9.99
http://cdn.dick-blick.com/items/102/82/10282-1034-2ww-m.jpg,Pacon Heavy Duty Anchor Chart Paper,"Lorem ipsum dolor sit amet, eu has falli laudem lucilius, sea no offendit quaerendum. Viris consul tibique at vis, te sit fabulas scaevola. Vel ut scribentur disputando theophrastus, pro ex odio convenire torquatos, vis at harum salutandi voluptaria. Ne vel facete legimus dolores, magna indoctum periculis ut nec.",Writing & Sketching,Paper,9.99
http://cdn.dick-blick.com/items/225/88/22588-2021-2ww-m.jpg,"PaperMate Inkjoy Gel Pens
","Lorem ipsum dolor sit amet, eu has falli laudem lucilius, sea no offendit quaerendum. Viris consul tibique at vis, te sit fabulas scaevola. Vel ut scribentur disputando theophrastus, pro ex odio convenire torquatos, vis at harum salutandi voluptaria. Ne vel facete legimus dolores, magna indoctum periculis ut nec.",Writing & Sketching,Pens,9.99
http://cdn.dick-blick.com/items/210/14/21014-2029-1-2ww-m.jpg,"Pentel Arts Hybrid Technica Pens
","Lorem ipsum dolor sit amet, eu has falli laudem lucilius, sea no offendit quaerendum. Viris consul tibique at vis, te sit fabulas scaevola. Vel ut scribentur disputando theophrastus, pro ex odio convenire torquatos, vis at harum salutandi voluptaria. Ne vel facete legimus dolores, magna indoctum periculis ut nec.",Writing & Sketching,Pens,9.99
http://cdn.dick-blick.com/items/206/87/20687-1003-1-2ww-m.jpg,Pentel Graph Mechanical Pencils,"Lorem ipsum dolor sit amet, eu has falli laudem lucilius, sea no offendit quaerendum. Viris consul tibique at vis, te sit fabulas scaevola. Vel ut scribentur disputando theophrastus, pro ex odio convenire torquatos, vis at harum salutandi voluptaria. Ne vel facete legimus dolores, magna indoctum periculis ut nec.",Writing & Sketching,Pencils,9.99
http://cdn.dick-blick.com/items/206/03/20603-0512-2ww-m.jpg,Pentel Hi-Polymer Lead Refills,"Lorem ipsum dolor sit amet, eu has falli laudem lucilius, sea no offendit quaerendum. Viris consul tibique at vis, te sit fabulas scaevola. Vel ut scribentur disputando theophrastus, pro ex odio convenire torquatos, vis at harum salutandi voluptaria. Ne vel facete legimus dolores, magna indoctum periculis ut nec.",Supplies & Tools,,9.99
http://cdn.dick-blick.com/items/218/21/21821-group2ww-m.jpg,Pilot G2 Gel Pen,"Lorem ipsum dolor sit amet, eu has falli laudem lucilius, sea no offendit quaerendum. Viris consul tibique at vis, te sit fabulas scaevola. Vel ut scribentur disputando theophrastus, pro ex odio convenire torquatos, vis at harum salutandi voluptaria. Ne vel facete legimus dolores, magna indoctum periculis ut nec.",Writing & Sketching,Pens,9.99
http://www.dickblick.com/products/pilot-g2-mechanical-pencils/,Pilot G2 Mechanical Pencils,"Lorem ipsum dolor sit amet, eu has falli laudem lucilius, sea no offendit quaerendum. Viris consul tibique at vis, te sit fabulas scaevola. Vel ut scribentur disputando theophrastus, pro ex odio convenire torquatos, vis at harum salutandi voluptaria. Ne vel facete legimus dolores, magna indoctum periculis ut nec.",Writing & Sketching,Pencils,9.99
http://cdn.dick-blick.com/items/207/76/20776-group2ww-m.jpg,"Pilot V-Ball Grip Roller Ball Pen
","Lorem ipsum dolor sit amet, eu has falli laudem lucilius, sea no offendit quaerendum. Viris consul tibique at vis, te sit fabulas scaevola. Vel ut scribentur disputando theophrastus, pro ex odio convenire torquatos, vis at harum salutandi voluptaria. Ne vel facete legimus dolores, magna indoctum periculis ut nec.",Writing & Sketching,Pens,9.99
http://cdn.dick-blick.com/items/207/76/20776-group2ww-m.jpg,"Pilot V-Razor Point Marker Pen
","Lorem ipsum dolor sit amet, eu has falli laudem lucilius, sea no offendit quaerendum. Viris consul tibique at vis, te sit fabulas scaevola. Vel ut scribentur disputando theophrastus, pro ex odio convenire torquatos, vis at harum salutandi voluptaria. Ne vel facete legimus dolores, magna indoctum periculis ut nec.",Writing & Sketching,Pens,9.99
http://cdn.dick-blick.com/items/215/18/21518-3052-2ww-m.jpg,Pink Pearl Eraser,"Lorem ipsum dolor sit amet, eu has falli laudem lucilius, sea no offendit quaerendum. Viris consul tibique at vis, te sit fabulas scaevola. Vel ut scribentur disputando theophrastus, pro ex odio convenire torquatos, vis at harum salutandi voluptaria. Ne vel facete legimus dolores, magna indoctum periculis ut nec.",Supplies & Tools,Eraser,9.99
http://cdn.dick-blick.com/items/221/41/22141-2029-1-2ww-m.jpg,Prismacolor Premier Illustration Markers,"Lorem ipsum dolor sit amet, eu has falli laudem lucilius, sea no offendit quaerendum. Viris consul tibique at vis, te sit fabulas scaevola. Vel ut scribentur disputando theophrastus, pro ex odio convenire torquatos, vis at harum salutandi voluptaria. Ne vel facete legimus dolores, magna indoctum periculis ut nec.",Writing & Sketching,Markers,9.99
http://cdn.dick-blick.com/items/204/66/20466-group-1-2ww-m.jpg,Prismacolor Smooth Drawing Charcoal Pencils,"Lorem ipsum dolor sit amet, eu has falli laudem lucilius, sea no offendit quaerendum. Viris consul tibique at vis, te sit fabulas scaevola. Vel ut scribentur disputando theophrastus, pro ex odio convenire torquatos, vis at harum salutandi voluptaria. Ne vel facete legimus dolores, magna indoctum periculis ut nec.",Writing & Sketching,Pencils,9.99
http://cdn.dick-blick.com/items/204/06/20406-2001-3WW-m.jpg,Prismacolor Turquoise Pencil,"Lorem ipsum dolor sit amet, eu has falli laudem lucilius, sea no offendit quaerendum. Viris consul tibique at vis, te sit fabulas scaevola. Vel ut scribentur disputando theophrastus, pro ex odio convenire torquatos, vis at harum salutandi voluptaria. Ne vel facete legimus dolores, magna indoctum periculis ut nec.",Writing & Sketching,Pencils,9.99
http://cdn.dick-blick.com/items/127/09/12709-2120-1-2ww-m.jpg,Rhodia Classic Staplebound Notebooks,"Lorem ipsum dolor sit amet, eu has falli laudem lucilius, sea no offendit quaerendum. Viris consul tibique at vis, te sit fabulas scaevola. Vel ut scribentur disputando theophrastus, pro ex odio convenire torquatos, vis at harum salutandi voluptaria. Ne vel facete legimus dolores, magna indoctum periculis ut nec.",Back To School ,,9.99
http://cdn.dick-blick.com/items/010/06/01006-3006-2ww-m.jpg,"Rich Art Window Paint
","Lorem ipsum dolor sit amet, eu has falli laudem lucilius, sea no offendit quaerendum. Viris consul tibique at vis, te sit fabulas scaevola. Vel ut scribentur disputando theophrastus, pro ex odio convenire torquatos, vis at harum salutandi voluptaria. Ne vel facete legimus dolores, magna indoctum periculis ut nec.",Arts & Crafts,,9.99
http://cdn.dick-blick.com/items/106/50/10650-1001-2ww-m.jpg,Roaring Spring Composition Notebooks,"Lorem ipsum dolor sit amet, eu has falli laudem lucilius, sea no offendit quaerendum. Viris consul tibique at vis, te sit fabulas scaevola. Vel ut scribentur disputando theophrastus, pro ex odio convenire torquatos, vis at harum salutandi voluptaria. Ne vel facete legimus dolores, magna indoctum periculis ut nec.",Back To School ,,9.99
http://cdn.dick-blick.com/items/225/22/22522-1059-2ww-m.jpg,Sakura Pigma Art Set,"Lorem ipsum dolor sit amet, eu has falli laudem lucilius, sea no offendit quaerendum. Viris consul tibique at vis, te sit fabulas scaevola. Vel ut scribentur disputando theophrastus, pro ex odio convenire torquatos, vis at harum salutandi voluptaria. Ne vel facete legimus dolores, magna indoctum periculis ut nec.",Writing & Sketching,Markers,9.99
http://cdn.dick-blick.com/items/213/08/21308-0069-2-2ww-m.jpg,Sakura Pigma Brush,"Lorem ipsum dolor sit amet, eu has falli laudem lucilius, sea no offendit quaerendum. Viris consul tibique at vis, te sit fabulas scaevola. Vel ut scribentur disputando theophrastus, pro ex odio convenire torquatos, vis at harum salutandi voluptaria. Ne vel facete legimus dolores, magna indoctum periculis ut nec.",Writing & Sketching,Markers,9.99
http://cdn.dick-blick.com/items/207/02/20702-tips2ww-m.jpg,Sakura Pigma Micron Pen,"Lorem ipsum dolor sit amet, eu has falli laudem lucilius, sea no offendit quaerendum. Viris consul tibique at vis, te sit fabulas scaevola. Vel ut scribentur disputando theophrastus, pro ex odio convenire torquatos, vis at harum salutandi voluptaria. Ne vel facete legimus dolores, magna indoctum periculis ut nec.",Writing & Sketching,Pens,9.99
http://cdn.dick-blick.com/items/230/21/23021-1015-2ww-m.jpg,"Scotch Book Tape
","Lorem ipsum dolor sit amet, eu has falli laudem lucilius, sea no offendit quaerendum. Viris consul tibique at vis, te sit fabulas scaevola. Vel ut scribentur disputando theophrastus, pro ex odio convenire torquatos, vis at harum salutandi voluptaria. Ne vel facete legimus dolores, magna indoctum periculis ut nec.",Supplies & Tools,Tape,9.99
http://cdn.dick-blick.com/items/230/12/23012-0050-4-2ww-m.jpg,Scotch Magic Tape,"Lorem ipsum dolor sit amet, eu has falli laudem lucilius, sea no offendit quaerendum. Viris consul tibique at vis, te sit fabulas scaevola. Vel ut scribentur disputando theophrastus, pro ex odio convenire torquatos, vis at harum salutandi voluptaria. Ne vel facete legimus dolores, magna indoctum periculis ut nec.",Supplies & Tools,Tape,9.99
http://cdn.dick-blick.com/items/066/62/06662-group-2-2ww-m.jpg,Silver Brush Grand Prix Super Brushes,"Lorem ipsum dolor sit amet, eu has falli laudem lucilius, sea no offendit quaerendum. Viris consul tibique at vis, te sit fabulas scaevola. Vel ut scribentur disputando theophrastus, pro ex odio convenire torquatos, vis at harum salutandi voluptaria. Ne vel facete legimus dolores, magna indoctum periculis ut nec.",Painting,Brushes,9.99
http://cdn.dick-blick.com/items/002/02/00202-1003-3-2ww-m.jpg,Snazaroo Face Paint Sets,"Lorem ipsum dolor sit amet, eu has falli laudem lucilius, sea no offendit quaerendum. Viris consul tibique at vis, te sit fabulas scaevola. Vel ut scribentur disputando theophrastus, pro ex odio convenire torquatos, vis at harum salutandi voluptaria. Ne vel facete legimus dolores, magna indoctum periculis ut nec.",Arts & Crafts,,9.99
http://cdn.dick-blick.com/items/098/00/09800-1006-1-2ww-m.jpg,"Strathmore Acrylic Notepad
","Lorem ipsum dolor sit amet, eu has falli laudem lucilius, sea no offendit quaerendum. Viris consul tibique at vis, te sit fabulas scaevola. Vel ut scribentur disputando theophrastus, pro ex odio convenire torquatos, vis at harum salutandi voluptaria. Ne vel facete legimus dolores, magna indoctum periculis ut nec.",Writing & Sketching,Notebooks,9.99
http://cdn.dick-blick.com/items/238/22/23822-group-1-2ww-m.jpg,"UHU Glue Stick
","Lorem ipsum dolor sit amet, eu has falli laudem lucilius, sea no offendit quaerendum. Viris consul tibique at vis, te sit fabulas scaevola. Vel ut scribentur disputando theophrastus, pro ex odio convenire torquatos, vis at harum salutandi voluptaria. Ne vel facete legimus dolores, magna indoctum periculis ut nec.",Supplies & Tools,Glue,9.99
http://cdn.dick-blick.com/items/218/47/21847-2030-2ww-m.jpg,"Uni-Ball Deluxe Pens
","Lorem ipsum dolor sit amet, eu has falli laudem lucilius, sea no offendit quaerendum. Viris consul tibique at vis, te sit fabulas scaevola. Vel ut scribentur disputando theophrastus, pro ex odio convenire torquatos, vis at harum salutandi voluptaria. Ne vel facete legimus dolores, magna indoctum periculis ut nec.",Writing & Sketching,Pens,9.99
http://cdn.dick-blick.com/items/207/05/20705-group2ww-m.jpg,"Uni-Ball Pens
","Lorem ipsum dolor sit amet, eu has falli laudem lucilius, sea no offendit quaerendum. Viris consul tibique at vis, te sit fabulas scaevola. Vel ut scribentur disputando theophrastus, pro ex odio convenire torquatos, vis at harum salutandi voluptaria. Ne vel facete legimus dolores, magna indoctum periculis ut nec.",Writing & Sketching,Pens,9.99
http://cdn.dick-blick.com/items/207/38/20738-2020-2ww-m.jpg,"Uni-Ball Vision Pen
","Lorem ipsum dolor sit amet, eu has falli laudem lucilius, sea no offendit quaerendum. Viris consul tibique at vis, te sit fabulas scaevola. Vel ut scribentur disputando theophrastus, pro ex odio convenire torquatos, vis at harum salutandi voluptaria. Ne vel facete legimus dolores, magna indoctum periculis ut nec.",Writing & Sketching,Pens,9.99
http://cdn.dick-blick.com/items/503/97/50397-1001-5-2ww-m.jpg,"Utrecht A-Frame Studio Easel
","Lorem ipsum dolor sit amet, eu has falli laudem lucilius, sea no offendit quaerendum. Viris consul tibique at vis, te sit fabulas scaevola. Vel ut scribentur disputando theophrastus, pro ex odio convenire torquatos, vis at harum salutandi voluptaria. Ne vel facete legimus dolores, magna indoctum periculis ut nec.",Supplies & Tools,Furniture,9.99
http://cdn.dick-blick.com/items/016/54/01654-group-2ww-m.jpg,"Utrecht Artists' Acrylic Colors
","Lorem ipsum dolor sit amet, eu has falli laudem lucilius, sea no offendit quaerendum. Viris consul tibique at vis, te sit fabulas scaevola. Vel ut scribentur disputando theophrastus, pro ex odio convenire torquatos, vis at harum salutandi voluptaria. Ne vel facete legimus dolores, magna indoctum periculis ut nec.",Painting,Acrylic Paint,9.99
http://cdn.dick-blick.com/items/021/22/02122-4963a-2ww-m.jpg,"utrecht Artists' Oil Colors
","Lorem ipsum dolor sit amet, eu has falli laudem lucilius, sea no offendit quaerendum. Viris consul tibique at vis, te sit fabulas scaevola. Vel ut scribentur disputando theophrastus, pro ex odio convenire torquatos, vis at harum salutandi voluptaria. Ne vel facete legimus dolores, magna indoctum periculis ut nec.",Painting,Oil Paint,9.99
http://cdn.dick-blick.com/items/017/66/01766-1009-2ww-m.jpg,Utrecht Artists' Watercolors,"Lorem ipsum dolor sit amet, eu has falli laudem lucilius, sea no offendit quaerendum. Viris consul tibique at vis, te sit fabulas scaevola. Vel ut scribentur disputando theophrastus, pro ex odio convenire torquatos, vis at harum salutandi voluptaria. Ne vel facete legimus dolores, magna indoctum periculis ut nec.",Painting,Watercolor Paint,9.99
http://cdn.dick-blick.com/items/008/27/00827-5922-2ww-m.jpg,Utrecht Designers Gouache,"Lorem ipsum dolor sit amet, eu has falli laudem lucilius, sea no offendit quaerendum. Viris consul tibique at vis, te sit fabulas scaevola. Vel ut scribentur disputando theophrastus, pro ex odio convenire torquatos, vis at harum salutandi voluptaria. Ne vel facete legimus dolores, magna indoctum periculis ut nec.",Painting,Painting Tools,9.99
http://cdn.dick-blick.com/items/046/27/04627-group-1-2ww-m.jpg,Utrecht Manglon Synthetic Brushes,"Lorem ipsum dolor sit amet, eu has falli laudem lucilius, sea no offendit quaerendum. Viris consul tibique at vis, te sit fabulas scaevola. Vel ut scribentur disputando theophrastus, pro ex odio convenire torquatos, vis at harum salutandi voluptaria. Ne vel facete legimus dolores, magna indoctum periculis ut nec.",Painting,Brushes,9.99
http://cdn.dick-blick.com/items/016/55/01655-4528a-2ww-m.jpg,Utrecht Studio Series Acrylics,"Lorem ipsum dolor sit amet, eu has falli laudem lucilius, sea no offendit quaerendum. Viris consul tibique at vis, te sit fabulas scaevola. Vel ut scribentur disputando theophrastus, pro ex odio convenire torquatos, vis at harum salutandi voluptaria. Ne vel facete legimus dolores, magna indoctum periculis ut nec.",Painting,Acrylic Paint,9.99
http://cdn.dick-blick.com/items/021/21/02121-8045-2ww-m.jpg,Utrecht Studio Series Oils,"Lorem ipsum dolor sit amet, eu has falli laudem lucilius, sea no offendit quaerendum. Viris consul tibique at vis, te sit fabulas scaevola. Vel ut scribentur disputando theophrastus, pro ex odio convenire torquatos, vis at harum salutandi voluptaria. Ne vel facete legimus dolores, magna indoctum periculis ut nec.",Painting,Oil Paint,9.99
http://cdn.dick-blick.com/items/216/21/21621-1045-2ww-m.jpg,Wood Manikin,"Lorem ipsum dolor sit amet, eu has falli laudem lucilius, sea no offendit quaerendum. Viris consul tibique at vis, te sit fabulas scaevola. Vel ut scribentur disputando theophrastus, pro ex odio convenire torquatos, vis at harum salutandi voluptaria. Ne vel facete legimus dolores, magna indoctum periculis ut nec.",Painting,Painting Tools,9.99
http://cdn.dick-blick.com/items/214/12/21412-5920-1-2ww-m.jpg,"X-Acto Electric Pencil Sharpener
","Lorem ipsum dolor sit amet, eu has falli laudem lucilius, sea no offendit quaerendum. Viris consul tibique at vis, te sit fabulas scaevola. Vel ut scribentur disputando theophrastus, pro ex odio convenire torquatos, vis at harum salutandi voluptaria. Ne vel facete legimus dolores, magna indoctum periculis ut nec.",Supplies & Tools,Sharpener,9.99
http://cdn.dick-blick.com/items/571/49/57149-1018-2ww-m.jpg,"X-Acto Heavy-Duty Square Trimmer
","Lorem ipsum dolor sit amet, eu has falli laudem lucilius, sea no offendit quaerendum. Viris consul tibique at vis, te sit fabulas scaevola. Vel ut scribentur disputando theophrastus, pro ex odio convenire torquatos, vis at harum salutandi voluptaria. Ne vel facete legimus dolores, magna indoctum periculis ut nec.",Supplies & Tools,Cutters,9.99
http://cdn.dick-blick.com/items/233/19/23319-4005-1-2ww-m.jpg,"Xyron Mega Runner
","Lorem ipsum dolor sit amet, eu has falli laudem lucilius, sea no offendit quaerendum. Viris consul tibique at vis, te sit fabulas scaevola. Vel ut scribentur disputando theophrastus, pro ex odio convenire torquatos, vis at harum salutandi voluptaria. Ne vel facete legimus dolores, magna indoctum periculis ut nec.",Supplies & Tools,Eraser,9.99
http://cdn.dick-blick.com/items/218/70/21870-0057-2ww-m.jpg,"Yasutomo Liquid Stylist Pens
","Lorem ipsum dolor sit amet, eu has falli laudem lucilius, sea no offendit quaerendum. Viris consul tibique at vis, te sit fabulas scaevola. Vel ut scribentur disputando theophrastus, pro ex odio convenire torquatos, vis at harum salutandi voluptaria. Ne vel facete legimus dolores, magna indoctum periculis ut nec.",Writing & Sketching,Pens,9.99
http://cdn.dick-blick.com/items/049/07/04907-OC1ww-s.jpg,Tube Wringer,"Lorem ipsum dolor sit amet, eu has falli laudem lucilius, sea no offendit quaerendum. Viris consul tibique at vis, te sit fabulas scaevola. Vel ut scribentur disputando theophrastus, pro ex odio convenire torquatos, vis at harum salutandi voluptaria. Ne vel facete legimus dolores, magna indoctum periculis ut nec.",Painting,Painting Tools,9.99
,Masterlock,"Lorem ipsum dolor sit amet, eu has falli laudem lucilius, sea no offendit quaerendum. Viris consul tibique at vis, te sit fabulas scaevola. Vel ut scribentur disputando theophrastus, pro ex odio convenire torquatos, vis at harum salutandi voluptaria. Ne vel facete legimus dolores, magna indoctum periculis ut nec.",Back To School ,,9.99